kind	cpus	mem_mb	shape	ok	confirm_s	consume_s	sent_s	p50_us	p99_us	confirmed	consumed	sent	samples	inflight	blocked	nacks	missed	returns	elapsed_s	broker_cpu	client_cpu	broker_mib	oom	early_confirm	boot_s	err
rabbit	1	512	single	1	53568.0	53567.4	53568.0	2300	3700	428544	428539	428544	428416	128	0	0	0	0	8.000	92	97	221	false		1.6	none
rabbit	1	512	shared	1	41984.0	41984.0	41984.0	194100	200000	335872	335872	335872	327680	8192	0	0	0	0	8.000	97	97	243	false		1.6	none
rabbit	1	512	spread	1	45760.2	45789.2	45760.2	175400	200000	366082	366314	366082	357890	8192	0	0	0	0	8.000	97	97	190	false		1.6	none
rabbit	1	1024	single	1	58114.6	58129.6	58114.6	2200	3000	464917	465037	464917	464789	128	0	0	0	0	8.000	97	97	150	false		1.6	none
rabbit	1	1024	shared	1	45056.0	45198.1	45056.0	175200	200000	360448	361585	360448	352256	8192	0	0	0	0	8.000	97	97	234	false		1.6	none
rabbit	1	1024	spread	1	44635.6	44616.4	44635.6	184000	200000	357085	356931	357085	348893	8192	0	0	0	0	8.000	97	97	196	false		1.6	none
rabbit	2	2048	single	1	78934.0	78943.9	78934.0	1500	5100	631472	631551	631472	631344	128	0	0	0	0	8.000	154	97	161	false		1.6	none
rabbit	2	2048	shared	1	74752.0	75338.5	74752.0	110200	154500	598016	602708	598016	589824	8192	0	0	0	0	8.000	166	97	235	false		1.5	none
rabbit	2	2048	spread	1	89170.8	89523.0	89170.8	89900	177100	713366	716184	713366	705174	8192	0	0	0	0	8.000	193	97	245	false		2.0	none
rabbit	4	4096	single	1	83586.1	83592.2	83586.1	1500	2500	668689	668738	668689	668561	128	0	0	0	0	8.000	200	97	171	false		1.5	none
rabbit	4	4096	shared	1	80154.2	80820.8	80154.2	99900	165200	641234	646566	641234	633042	8192	0	0	0	0	8.000	239	97	243	false		1.5	none
rabbit	4	4096	spread	1	172532.1	172583.6	172532.1	46800	95600	1380257	1380669	1380257	1372065	8192	0	0	0	0	8.000	379	97	274	false		1.6	none
rabbit	4	8192	single	1	83574.6	83571.1	83574.6	1500	2500	668597	668569	668597	668469	128	0	0	0	0	8.000	198	97	174	false		1.6	none
rabbit	4	8192	shared	1	82234.2	82252.1	82234.2	93200	166600	657874	658017	657874	649682	8192	0	0	0	0	8.000	237	97	240	false		1.5	none
rabbit	4	8192	spread	1	173112.8	173110.0	173112.8	46600	99000	1384902	1384880	1384902	1376710	8192	0	0	0	0	8.000	383	97	241	false		1.6	none
rust	1	512	single	1	175360.1	175360.1	175360.1	700	1600	1402881	1402881	1402881	1402753	128	0	0	0	0	8.000	88	97	77	false	0	0.2	none
rust	1	512	shared	1	59836.4	34719.8	59836.4	60200	200000	478691	277758	478691	470499	8192	0	0	0	0	8.000	96	97	373	false		0.2	none
rust	1	512	spread	1	157075.1	157219.5	157075.1	48600	94500	1256601	1257756	1256601	1248409	8192	0	0	0	0	8.000	94	97	368	false	0	0.2	none
rust	1	1024	single	1	174773.5	174779.1	174773.5	700	1600	1398188	1398233	1398188	1398060	128	0	0	0	0	8.000	89	97	52	false	0	0.2	none
rust	1	1024	shared	1	116388.6	68803.4	116388.6	61000	200000	931109	550427	931109	922917	8192	0	0	0	0	8.000	96	97	374	false		0.2	none
rust	1	1024	spread	1	153490.6	153455.0	153490.6	49700	93600	1227925	1227640	1227925	1219733	8192	0	0	0	0	8.000	96	97	367	false	0	0.2	none
rust	2	2048	single	1	189818.4	189817.9	189818.4	600	1800	1518547	1518543	1518547	1518419	128	0	0	0	0	8.000	129	98	63	false	0	0.2	none
rust	2	2048	shared	1	189525.0	93801.8	189525.0	40700	111400	1516200	750414	1516200	1508008	8192	0	0	0	0	8.000	182	97	611	false	0	0.2	none
rust	2	2048	spread	1	250179.1	250176.8	250179.1	30500	85000	2001433	2001414	2001433	1993241	8192	0	0	0	0	8.000	169	98	502	false	0	0.2	none
rust	4	4096	single	1	177606.4	177595.8	177606.4	600	4500	1420851	1420766	1420851	1420723	128	0	0	0	0	8.000	112	97	76	false	0	0.2	none
rust	4	4096	shared	1	244256.8	120327.6	244256.8	32600	74700	1954054	962621	1954054	1945862	8192	0	0	0	0	8.000	335	97	768	false	0	0.2	none
rust	4	4096	spread	1	381878.9	381938.6	381878.9	18700	118300	3055031	3055509	3055031	3046839	8192	0	0	0	0	8.000	303	97	700	false	0	0.2	none
rust	4	8192	single	1	195854.9	195861.5	195854.9	600	1100	1566839	1566892	1566839	1566711	128	0	0	0	0	8.000	120	98	84	false	0	0.2	none
rust	4	8192	shared	1	239698.4	123188.1	239698.4	32700	94600	1917587	985505	1917587	1909395	8192	0	0	0	0	8.000	333	97	748	false	0	0.2	none
rust	4	8192	spread	1	399582.0	399594.9	399582.0	18500	49600	3196656	3196759	3196656	3188464	8192	0	0	0	0	8.000	327	97	792	false	0	0.2	none
php	1	512	single	1	11232.0	11232.0	11232.0	11600	13700	89856	89856	89856	89728	128	0	0	0	0	8.000	12	98	88	false		0.2	none
php	1	512	shared	1	51401.9	51278.2	51401.9	134600	200000	411215	410226	411215	403023	8192	0	0	0	0	8.000	93	97	141	false		0.2	none
php	1	512	spread	1	81285.0	81383.0	81285.0	87300	174200	650280	651064	650280	642088	8192	0	0	0	0	8.000	93	95	207	false		0.2	none
php	1	1024	single	1	11152.0	11152.0	11152.0	11600	12400	89216	89216	89216	89088	128	0	0	0	0	8.000	12	98	34	false		0.2	none
php	1	1024	shared	1	49688.0	49835.0	49688.0	145800	200000	397504	398680	397504	389312	8192	0	0	0	0	8.000	95	97	136	false		0.2	none
php	1	1024	spread	1	77007.4	76805.5	77007.4	91900	198400	616059	614444	616059	607867	8192	0	0	0	0	8.000	94	97	181	false		0.2	none
php	2	2048	single	1	32048.0	32048.0	32048.0	3900	6000	256384	256384	256384	256256	128	0	0	0	0	8.000	38	98	69	false		0.7	none
php	2	2048	shared	0	0.0	0.0	0.0	-1	-1	0	0	0	0	0	0	0	0	0	0.000				false		0.7	c17_404_NOT_FOUND_-_no_queue__q0_
php	2	2048	spread	1	170484.2	170507.5	170484.2	40400	86200	1363874	1364060	1363874	1355682	8192	0	0	0	0	8.000	186	97	417	false		0.7	none
php	4	4096	single	1	31296.0	31296.0	31296.0	4000	6300	250368	250368	250368	250240	128	0	0	0	0	8.000	40	98	98	false		0.7	none
php	4	4096	shared	1	47546.0	47576.4	47546.0	146000	200000	380368	380611	380368	372176	8192	0	0	0	0	8.000	104	97	202	false		0.6	none
php	4	4096	spread	1	288669.0	288512.6	288669.0	31300	71200	2309352	2308101	2309352	2301160	8192	0	0	0	0	8.000	354	97	332	false		0.7	none
php	4	8192	single	0	0.0	0.0	0.0	-1	-1	0	0	0	0	0	0	0	0	0	0.000				false		0.7	c2_404_NOT_FOUND_-_no_queue__q0_
php	4	8192	shared	1	50116.0	50116.0	50116.0	143000	200000	400928	400928	400928	392736	8192	0	0	0	0	8.000	100	97	204	false		0.7	none
php	4	8192	spread	1	292520.1	292480.2	292520.1	30500	65400	2340161	2339842	2340161	2331969	8192	0	0	0	0	8.000	343	97	334	false		0.6	none
bun	1	512	single	1	205140.0	205140.0	205140.0	400	2700	1641120	1641120	1641120	1640992	128	0	0	0	0	8.000	75	97	157	false	0	0.7	none
bun	1	512	shared	1	162848.0	162824.0	162848.0	47500	127200	1302784	1302592	1302784	1294592	8192	0	0	0	0	8.000	82	97	174	false	0	0.6	none
bun	1	512	spread	1	146304.0	146304.0	146304.0	38800	200000	1170432	1170432	1170432	1162240	8192	0	0	0	0	8.000	53	97	159	false	0	0.7	none
bun	1	1024	single	1	180636.0	180644.0	180636.0	400	6500	1445088	1445152	1445088	1444960	128	0	0	0	0	8.000	67	97	90	false	0	0.7	none
bun	1	1024	shared	1	161520.0	161504.0	161520.0	43000	191300	1292160	1292032	1292160	1283968	8192	0	0	0	0	8.000	70	97	143	false	0	0.7	none
bun	1	1024	spread	1	205584.0	205600.0	205584.0	34900	167400	1644672	1644800	1644672	1636480	8192	0	0	0	0	8.000	60	97	157	false	0	0.7	none
bun	2	2048	single	1	170456.0	170452.0	170456.0	400	6200	1363648	1363616	1363648	1363520	128	0	0	0	0	8.000	84	97	154	false	0	0.8	none
bun	2	2048	shared	1	144472.1	144464.1	144472.1	41500	200000	1155777	1155713	1155777	1147585	8192	0	0	0	0	8.000	86	97	229	false	0	0.6	none
bun	2	2048	spread	1	277712.0	277688.0	277700.0	21700	131200	2221696	2221504	2221600	2213504	8096	0	0	0	0	8.000	114	97	248	false	0	0.8	none
bun	4	4096	single	1	189068.0	189068.0	189068.0	400	4600	1512544	1512544	1512544	1512416	128	0	0	0	0	8.000	93	97	288	false	0	0.7	none
bun	4	4096	shared	1	155968.0	155992.0	155968.0	41200	188900	1247744	1247936	1247744	1239552	8192	0	0	0	0	8.000	107	97	358	false	0	0.7	none
bun	4	4096	spread	1	411904.0	411888.0	411828.0	12800	134200	3295232	3295104	3294624	3287040	7584	0	0	0	0	8.000	165	97	398	false	0	0.7	none
bun	4	8192	single	1	165220.0	165216.0	165220.0	400	5600	1321760	1321728	1321760	1321632	128	0	0	0	0	8.000	71	97	285	false	0	0.7	none
bun	4	8192	shared	1	149984.0	149974.0	149992.0	43000	200000	1199872	1199792	1199936	1191744	8192	0	0	0	0	8.000	77	97	348	false	0	0.7	none
bun	4	8192	spread	1	461888.0	461936.0	461888.0	13300	110800	3695104	3695488	3695104	3686912	8192	0	0	0	0	8.000	225	97	384	false	0	0.7	none
