broker	size	scenario	ok	err	sent_s	confirmed_s	received_s	mb_s	lat_p50_ms	lat_p99_ms	confirm_p50_ms	confirm_p99_ms	peak_mib	anon_mib	broker_cpu	client_cpu	kept	seconds
rabbit	1 CPU / 1 GiB	work-queue	1		41966.8	41966.8	41976.1		5.22	13.19	8.91	18.93	161	125	99		yes	19
rust	1 CPU / 1 GiB	work-queue	1		124894.1	124894.1	124897.6		2.13	4.78	2.78	7.39	83	15	96		yes	20
bun	1 CPU / 1 GiB	work-queue	1		100969.8	100971.3	100966.1		2.19	7.81	2.83	9.51	100	79	79		yes	19
php	1 CPU / 1 GiB	work-queue	0	boot-exited														
rabbit	1 CPU / 1 GiB	telemetry	1		94123.2		94087.7		66.06	119.89			256	195	99		yes	19
rust	1 CPU / 1 GiB	telemetry	1		83967.5		88041.6		3738.41	3821.97			189	66	99		yes	22
bun	1 CPU / 1 GiB	telemetry	1		75019.7		71350.1		388.83	1066.67			852	817	100		yes	20
php	1 CPU / 1 GiB	telemetry	1		97227.5		97227.4		4.83	39.91			29	20	99		yes	19
rabbit	1 CPU / 1 GiB	fanout-20	1		2108.6	2108.6	42192.4		20.10	52.77	44.76	80.12	193	151	99		yes	19
rust	1 CPU / 1 GiB	fanout-20	1		5880.6	5880.6	117624.1		0.76	6.82	14.78	42.80	1024	18	91		yes	19
bun	1 CPU / 1 GiB	fanout-20	1		9883.4	9881.7	197636.9		4.68	17.26	8.86	27.63	141	87	86		yes	19
php	1 CPU / 1 GiB	fanout-20	1		3796.3	3796.9	75935.7		36.11	64.40	24.88	48.69	350	22	93		yes	19
rabbit	1 CPU / 1 GiB	routing-64	1		34480.1	34480.1	34480.3		23.15	43.98	35.03	59.10	236	200	99		yes	19
rust	1 CPU / 1 GiB	routing-64	1		73918.7	73918.7	73944.1		9.32	16.27	15.41	34.10	1024	34	94		yes	19
bun	1 CPU / 1 GiB	routing-64	1		86475.5	86475.5	86468.1		13.28	36.23	13.95	37.35	125	98	87		yes	19
php	1 CPU / 1 GiB	routing-64	1		51313.0	51313.0	51330.1		26.27	40.57	23.34	36.91	246	26	95		yes	20
rabbit	1 CPU / 1 GiB	large-64k	1		9678.5	9678.6	9679.2	634.3	2.01	7.39	3.37	9.49	366	268	99		yes	19
rust	1 CPU / 1 GiB	large-64k	1		3889.9	3889.9	3890.5	255.0	0.92	5.11	9.10	15.51	88	16	33		yes	19
bun	1 CPU / 1 GiB	large-64k	1		4772.4	4772.4	4772.4	312.8	1.64	6.91	2.07	7.14	248	159	74		yes	19
php	1 CPU / 1 GiB	large-64k	1		3150.2	3150.2	3150.1	206.4	7.71	21.76	7.65	25.09	58	20	38		yes	19
rabbit	1 CPU / 1 GiB	large-1m	1		1182.9	1182.9	1183.0	1240.5	1.87	6.72	2.34	8.35	324	241	97		yes	19
rust	1 CPU / 1 GiB	large-1m	1		372.1	372.1	372.3	390.3	3.78	7.42	9.49	23.86	97	20	43		yes	19
bun	1 CPU / 1 GiB	large-1m	1		354.6	354.6	354.6	371.9	3.72	11.89	4.39	15.82	296	97	79		yes	19
php	1 CPU / 1 GiB	large-1m	0	oom									1024	922				
rabbit	1 CPU / 1 GiB	latency-1k	1		1000.6	1000.6	1000.6		0.17	4.23	0.30	5.19	159	127	42		yes	19
rust	1 CPU / 1 GiB	latency-1k	1		1000.6	1000.5	1000.6		0.15	1.46	6.24	13.13	48	14	13		yes	19
bun	1 CPU / 1 GiB	latency-1k	1		1000.4	1000.5	1000.5		0.67	3.42	1.10	3.82	81	51	15		yes	19
php	1 CPU / 1 GiB	latency-1k	1		1000.2	1000.1	1000.1		0.31	23.10	0.28	22.96	32	18	11		yes	19
rabbit	1 CPU / 1 GiB	latency-10k	1		10004.8	10004.6	10004.7		0.40	14.91	0.62	16.63	159	127	98		yes	19
rust	1 CPU / 1 GiB	latency-10k	1		10005.3	10004.6	10005.3		0.04	1.64	5.34	12.34	83	12	28		yes	19
bun	1 CPU / 1 GiB	latency-10k	1		10004.3	10005.3	10005.2		0.21	5.25	0.29	8.97	79	61	36		yes	19
php	1 CPU / 1 GiB	latency-10k	1		10005.1	10003.9	10003.9		6.76	28.21	6.41	27.91	58	18	23		yes	19
rabbit	1 CPU / 1 GiB	many-queues	1		5002.6	5002.0	5002.5		0.47	13.35	0.88	16.79	441	392	91		yes	29
rust	1 CPU / 1 GiB	many-queues	1		5002.4	5001.5	5002.4		0.36	7.43	0.82	31.97	1024	111	68		yes	29
bun	1 CPU / 1 GiB	many-queues	1		5167.7	5270.5	5350.0		0.73	18.79	1.68	53.07	167	131	56		yes	30
php	1 CPU / 1 GiB	many-queues	1		5002.2	5003.1	5003.0		6.59	21.34	6.09	22.46	105	68	72		yes	29
rabbit	1 CPU / 1 GiB	slow-consumers	1		5002.4	5002.4	5004.6		0.10	12.53	0.22	9.17	161	128	90		yes	19
rust	1 CPU / 1 GiB	slow-consumers	1		5001.9	5000.8	5001.9		0.04	0.67	5.41	10.49	85	18	17		yes	19
bun	1 CPU / 1 GiB	slow-consumers	1		5002.1	5002.1	5002.2		0.27	14.63	0.34	6.94	93	66	24		yes	19
php	1 CPU / 1 GiB	slow-consumers	1		5002.4	5005.1	5005.0		0.41	22.40	0.37	20.17	33	18	29		yes	19
rabbit	1 CPU / 1 GiB	quorum	1		33840.9	33840.9	26691.5		3361.61	3527.25	11.27	40.66	954	573	93		no	19
rust	1 CPU / 1 GiB	quorum	1		77569.2	77570.7	76544.1		5665.85	5896.44	3.06	15.08	1024	794	98		yes	19
bun	1 CPU / 1 GiB	quorum	1		80984.0	80986.8	80986.6		3.65	12.72	3.53	12.24	527	493	84		yes	19
php	1 CPU / 1 GiB	quorum	1		32842.3	32842.4	32842.3		12.20	18.34	11.37	15.86	235	114	47		yes	20
rabbit	1 CPU / 1 GiB	stream	1		53191.4	53191.3	26687.5		10840.84	11220.13	3.19	8.45	1024	126	98		no	19
rust	1 CPU / 1 GiB	stream	1		9489.3	9489.3	10442.2		6523.07	6710.88	20.01	59.87	634	366	19		yes	19
bun	1 CPU / 1 GiB	stream	1		18045.2	18038.8	21795.1		5942.23	6010.93	5.56	16.08	1024	208	55		yes	19
php	1 CPU / 1 GiB	stream	1		4063.9	4063.9	6912.7		1807.28	1893.57	50.66	93.84	298	178	21		yes	20
rabbit	1 CPU / 1 GiB	priority	1		31131.8	31131.7	31129.7		3.34	9.41	5.97	13.44	158	127	99		yes	19
rust	1 CPU / 1 GiB	priority	1		113478.0	113478.4	113478.4		0.68	1.85	1.57	4.29	83	15	93		yes	19
bun	1 CPU / 1 GiB	priority	1		88993.2	88993.2	88995.2		1.23	7.34	1.63	6.59	96	82	86		yes	19
php	1 CPU / 1 GiB	priority	1		16661.1	16661.1	16661.1		11.97	15.08	11.52	15.43	82	16	26		yes	19
rabbit	1 CPU / 1 GiB	transactions	1		19233.1		19232.9		0.42	7.75			157	126	98		yes	19
rust	1 CPU / 1 GiB	transactions	1		198.9		198.8		45.16	91.69			23	14	7		yes	20
bun	1 CPU / 1 GiB	transactions	1		10785.9		10786.3		820.82	1209.30			285	174	39		yes	19
php	1 CPU / 1 GiB	transactions	1		51736.4		51758.6		11.73	25.09			196	24	92		yes	19
rabbit	1 CPU / 1 GiB	heavy	1		29238.9	29244.2	29257.9		309.72	437.42	526.39	630.32	248	214	99		yes	19
rust	1 CPU / 1 GiB	heavy	1		89958.8	89973.1	90035.2		98.81	248.60	127.58	285.57	1024	68	98		yes	19
bun	1 CPU / 1 GiB	heavy	1		91724.5	91715.4	91731.1		236.06	488.89	124.36	205.30	1024	259	86		yes	19
php	1 CPU / 1 GiB	heavy	1		64915.3	64915.3	64878.8		191.82	269.41	179.41	252.81	1004	48	95		yes	19
rabbit	1 CPU / 1 GiB	backlog	1		71863.5		50008.8				9.42	16.22	545	169	8		yes	10
rust	1 CPU / 1 GiB	backlog	1		145337.5		149850.5				4.35	11.52	820	473	2		yes	4
bun	1 CPU / 1 GiB	backlog	1		26912.4		74977.2				18.37	186.44	1024	540	11		yes	15
php	1 CPU / 1 GiB	backlog	1		57393.2		3616.0				11.78	32.19	1024	749	89		yes	88
rabbit	4 CPU / 4 GiB	work-queue	1		68452.3	68451.4	68452.3		2.40	5.69	5.25	11.68	180	146	270		yes	19
rust	4 CPU / 4 GiB	work-queue	1		181080.9	181085.4	181079.3		1.33	3.32	1.84	5.34	85	18	314		yes	19
bun	4 CPU / 4 GiB	work-queue	1		95348.5	95350.1	95349.7		2.70	7.59	3.42	8.44	314	193	121		yes	19
php	4 CPU / 4 GiB	work-queue	1		38625.4	38626.8	4538.1		19.16	4169.92	6.38	28.32	182	134	231		no	20
rabbit	4 CPU / 4 GiB	telemetry	1		274104.8		274150.7		11.22	27.41			268	203	364		yes	19
rust	4 CPU / 4 GiB	telemetry	1		138963.1		143620.1		2167.87	2365.87			223	100	317		yes	21
bun	4 CPU / 4 GiB	telemetry	1		88120.4		88115.2		17.04	38.01			1061	916	128		yes	19
php	4 CPU / 4 GiB	telemetry	1		143002.8		77283.4		2.94	1946.54			305	252	400		no	19
rabbit	4 CPU / 4 GiB	fanout-20	1		7226.8	7226.8	144494.9		5.12	15.27	13.37	24.00	216	176	391		yes	19
rust	4 CPU / 4 GiB	fanout-20	1		9452.9	9452.9	189063.4		0.54	4.00	10.21	27.91	1343	21	196		yes	19
bun	4 CPU / 4 GiB	fanout-20	1		346.1	346.1	6916.8		119.56	404.60	296.11	449.73	2090	858	161		yes	19
php	4 CPU / 4 GiB	fanout-20	0	client-exit-1									87	55				
rabbit	4 CPU / 4 GiB	routing-64	1		132617.7	132618.2	132620.7		6.15	16.75	8.78	21.79	307	247	385		yes	19
rust	4 CPU / 4 GiB	routing-64	1		125353.8	125353.8	125353.7		0.55	2.91	9.85	18.24	2149	39	183		yes	19
bun	4 CPU / 4 GiB	routing-64	1		213486.1	213457.1	213943.0		3.74	15.41	4.76	15.95	472	412	315		yes	20
php	4 CPU / 4 GiB	routing-64	0	client-exit-1									88	55				
rabbit	4 CPU / 4 GiB	many-queues	1		5002.6	5002.6	5002.6		0.23	2.17	0.39	1.97	461	413	192		yes	29
rust	4 CPU / 4 GiB	many-queues	1		5002.2	5002.2	5002.2		0.12	0.80	0.63	8.04	2231	144	86		yes	29
bun	4 CPU / 4 GiB	many-queues	1		5001.8	5001.7	5001.7		0.14	15.89	0.29	15.64	481	334	76		yes	29
php	4 CPU / 4 GiB	many-queues	0	client-exit-1									96	57				
rabbit	4 CPU / 4 GiB	quorum	1		89656.2	89656.2	89749.8		7.82	40.03	3.72	10.61	810	337	279		yes	19
rust	4 CPU / 4 GiB	quorum	1		145115.7	145115.6	73561.6		10221.85	10532.38	1.42	6.55	4096	3082	262		no	19
bun	4 CPU / 4 GiB	quorum	1		12344.8	12344.8	12344.8		31.20	51.58	31.09	51.29	854	758	144		yes	20
php	4 CPU / 4 GiB	quorum	0	no-delivery									91	57	27			
rabbit	4 CPU / 4 GiB	heavy	1		123815.6	123778.1	123801.6		31.83	90.58	93.88	236.19	506	323	378		yes	19
rust	4 CPU / 4 GiB	heavy	1		240313.0	240295.6	240587.1		37.71	88.62	49.11	100.86	1139	143	348		yes	20
bun	4 CPU / 4 GiB	heavy	1		205205.4	204690.9	202133.3		237.01	815.23	56.42	118.32	3597	2084	264		yes	21
php	4 CPU / 4 GiB	heavy	0	client-exit-1									87	57				
bun	1 CPU / 1 GiB	work-queue	1		111879.7	111882.8	111883.4		2.52	8.10	2.57	7.53	109	77	86		yes	19
php	1 CPU / 1 GiB	work-queue	1		35521.5	35533.8	35518.0		11.44	16.40	10.68	14.53	88	20	55		yes	19
bun	1 CPU / 1 GiB	telemetry	1		68283.8		68725.6		54.10	466.50			841	796	100		yes	20
php	1 CPU / 1 GiB	telemetry	1		88962.1		88917.2		5.15	40.91			31	20	99		yes	19
bun	1 CPU / 1 GiB	fanout-20	1		11777.6	11777.6	235555.5		4.63	11.17	7.75	18.58	146	93	89		yes	19
php	1 CPU / 1 GiB	fanout-20	1		3786.7	3786.2	75800.9		35.44	64.37	24.92	47.36	367	26	94		yes	19
bun	1 CPU / 1 GiB	routing-64	1		107346.3	107346.3	107347.3		10.60	31.29	11.12	31.13	122	90	88		yes	19
php	1 CPU / 1 GiB	routing-64	1		51664.8	51664.8	51664.8		25.68	44.89	22.86	41.22	255	28	95		yes	19
bun	1 CPU / 1 GiB	large-64k	1		5743.6	5743.7	5743.7	376.4	1.45	5.40	1.81	6.13	182	90	74		yes	20
php	1 CPU / 1 GiB	large-64k	1		3752.6	3752.4	3752.4	245.9	6.98	17.92	6.84	17.77	61	18	39		yes	19
bun	1 CPU / 1 GiB	large-1m	1		387.7	387.7	387.7	406.6	4.41	13.09	4.09	11.86	294	139	80		yes	19
php	1 CPU / 1 GiB	large-1m	0	oom									1022	993				
bun	1 CPU / 1 GiB	latency-1k	1		1000.4	1000.4	1000.4		0.15	5.05	0.31	6.99	90	61	18		yes	19
php	1 CPU / 1 GiB	latency-1k	1		1000.4	1000.4	1000.4		0.33	13.45	0.30	13.23	35	18	11		yes	19
bun	1 CPU / 1 GiB	latency-10k	1		10004.5	10004.6	10004.6		0.22	5.27	0.29	12.34	894	883	50		yes	20
php	1 CPU / 1 GiB	latency-10k	1		10005.8	10007.6	10007.5		6.20	28.87	5.78	29.92	35	16	29		yes	19
bun	1 CPU / 1 GiB	many-queues	1		5002.9	5003.2	5003.2		0.36	39.49	0.43	40.43	131	96	40		yes	29
php	1 CPU / 1 GiB	many-queues	1		5002.5	5003.0	5002.9		7.53	33.97	7.06	29.23	73	50	73		yes	29
bun	1 CPU / 1 GiB	slow-consumers	1		5001.9	5002.1	5001.9		0.27	24.64	0.33	12.71	94	65	25		yes	19
php	1 CPU / 1 GiB	slow-consumers	1		5012.6	5017.8	5045.2		0.45	37.66	0.40	33.56	38	22	28		yes	19
bun	1 CPU / 1 GiB	quorum	1		82388.3	82388.4	82389.6		3.54	12.25	3.42	12.01	568	535	83		yes	19
php	1 CPU / 1 GiB	quorum	1		589.4	589.4	589.4		688.23	745.81	690.14	745.23	84	38	28		yes	19
bun	1 CPU / 1 GiB	stream	1		20028.7	20027.0	25744.2		5732.80	6105.89	5.05	18.43	1024	240	59		yes	19
php	1 CPU / 1 GiB	stream	1		464.3	464.3	791.4		3862.46	4126.44	527.29	580.00	70	42	89		yes	19
bun	1 CPU / 1 GiB	priority	1		79417.2	79416.6	79410.2		1.44	19.66	1.88	8.31	103	85	89		yes	19
php	1 CPU / 1 GiB	priority	1		16991.0	16987.5	16990.8		11.44	21.48	10.82	19.18	58	20	33		yes	20
bun	1 CPU / 1 GiB	transactions	1		39489.9		37051.5		669.41	784.62			1024	326	68		no	19
php	1 CPU / 1 GiB	transactions	1		21554.9		21550.2		4.04	40.55			38	18	46		yes	19
bun	1 CPU / 1 GiB	heavy	1		91373.1	91392.3	91083.4		266.18	635.00	124.56	217.59	1024	299	85		yes	19
php	1 CPU / 1 GiB	heavy	1		61840.4	61840.3	61762.5		200.57	286.12	186.36	272.32	1024	53	96		yes	19
bun	1 CPU / 1 GiB	backlog	1		29607.6		74861.8				16.83	160.98	1024	526	10		yes	14
php	1 CPU / 1 GiB	backlog	1		60000.0		810.6				10.68	49.35	1024	763	99		sent 300000 got 76200	99
bun	4 CPU / 4 GiB	work-queue	1		96389.4	96388.9	96385.3		2.48	14.38	3.13	17.41	322	196	114		yes	20
php	4 CPU / 4 GiB	work-queue	1		42609.3	42609.3	10049.9		10.33	24.64	8.19	48.25	106	57	98		no	19
bun	4 CPU / 4 GiB	telemetry	1		96909.8		96886.6		25.00	54.82			1180	1035	128		yes	19
php	4 CPU / 4 GiB	telemetry	1		70383.7		50304.8		2.84	13.36			446	378	400		no	19
bun	4 CPU / 4 GiB	fanout-20	1		1504.9	1504.9	30128.0		19.29	139.83	47.20	165.80	3096	1058	219		yes	19
php	4 CPU / 4 GiB	fanout-20	1		813.9	813.9	7268.9		88.73	270.60	103.73	273.18	169	61	43		no	20
bun	4 CPU / 4 GiB	routing-64	1		236160.8	236130.1	236173.9		3.39	13.24	4.52	13.40	476	416	320		yes	20
php	4 CPU / 4 GiB	routing-64	1		62130.6	62130.6	36746.2		11.38	32.72	12.64	66.34	279	65	93		no	19
bun	4 CPU / 4 GiB	many-queues	1		5002.4	5002.4	5002.4		0.12	31.64	0.25	31.99	489	333	71		yes	29
php	4 CPU / 4 GiB	many-queues	0	client-exit-124									107	67	30			
bun	4 CPU / 4 GiB	quorum	1		12516.6	12516.7	12516.7		31.21	54.36	31.09	54.30	892	839	149		yes	20
php	4 CPU / 4 GiB	quorum	0	no-delivery	101.6	5.2	0.0		0.00	0.00	0.00	0.00	2405	2340	202		no	14
bun	4 CPU / 4 GiB	heavy	1		249624.3	249608.6	249098.0		228.79	736.19	44.71	117.73	2798	751	323		yes	19
php	4 CPU / 4 GiB	heavy	1		24457.8	24457.8	2802.3		289.65	727.39	479.26	758.83	237	105	144		no	19
bun	1 CPU / 1 GiB	work-queue	1		92567.0	92567.1	92562.9		3.90	19.62	2.70	16.02	840	798	81		yes	20
bun	1 CPU / 1 GiB	telemetry	1		73497.4		69776.1		472.21	1039.96			909	790	100		no	20
bun	1 CPU / 1 GiB	fanout-20	1		10746.2	10745.5	214913.2		4.79	14.46	8.17	23.04	145	88	87		yes	19
bun	1 CPU / 1 GiB	routing-64	1		92919.1	92918.4	92924.7		11.62	50.00	12.19	50.58	126	96	82		yes	19
bun	1 CPU / 1 GiB	large-64k	1		4769.1	4769.1	4769.1	312.5	1.54	9.82	1.90	8.94	1024	960	74		yes	20
bun	1 CPU / 1 GiB	large-1m	1		346.0	346.0	346.0	362.8	3.70	13.12	4.36	15.39	438	204	79		yes	19
bun	1 CPU / 1 GiB	latency-1k	1		1000.4	1000.2	1000.4		1.05	6.50	1.14	7.58	84	54	15		yes	20
bun	1 CPU / 1 GiB	latency-10k	1		10004.3	10004.3	10004.3		0.21	14.69	0.28	14.58	91	68	33		yes	19
bun	1 CPU / 1 GiB	many-queues	1		5002.4	5001.8	5001.8		0.32	38.42	0.38	38.17	127	91	39		yes	29
bun	1 CPU / 1 GiB	slow-consumers	1		5002.9	5006.9	4997.9		0.24	22.82	0.31	9.52	95	70	22		yes	19
bun	1 CPU / 1 GiB	quorum	1		88162.7	88162.5	88158.2		3.27	11.40	3.22	11.38	595	569	84		yes	19
bun	1 CPU / 1 GiB	stream	1		19069.3	19070.4	27171.3		5806.11	5973.35	5.13	21.76	1024	241	61		yes	19
bun	1 CPU / 1 GiB	priority	1		79732.6	79730.8	79704.6		1.18	17.96	1.71	9.92	110	90	86		yes	19
bun	1 CPU / 1 GiB	transactions	1		20314.0		17704.2		2632.22	3254.45			1024	295	76		no	19
bun	1 CPU / 1 GiB	heavy	1		96105.7	96120.3	96051.2		290.99	597.30	111.14	204.93	1024	314	88		yes	19
bun	1 CPU / 1 GiB	backlog	1		29988.3		74813.5				16.84	175.20	1024	556	11		yes	14
bun	4 CPU / 4 GiB	work-queue	1		101533.3	101535.0	101531.6		2.23	5.47	2.89	6.31	2286	2147	117		yes	20
bun	4 CPU / 4 GiB	telemetry	1		97335.5		97339.0		21.84	53.30			1158	1015	128		yes	19
bun	4 CPU / 4 GiB	fanout-20	1		1430.5	1430.5	28640.8		25.83	174.86	57.34	185.66	2949	1002	201		yes	20
bun	4 CPU / 4 GiB	routing-64	1		208301.1	208300.0	208308.6		3.45	20.96	4.43	28.84	404	345	273		yes	20
bun	4 CPU / 4 GiB	many-queues	1		5002.4	5013.0	5012.8		0.27	258.10	0.38	258.60	498	344	63		yes	29
bun	4 CPU / 4 GiB	quorum	1		12034.5	12034.4	12034.4		29.69	77.93	28.75	78.92	2281	2209	130		yes	20
bun	4 CPU / 4 GiB	heavy	1		236305.0	236302.9	234593.3		206.14	804.42	41.76	119.29	3951	2098	258		yes	20
